param,mape,rmse,da
ARIMA_d10_p10_q2.csv,1.1036756548626898e+16,1.1594574281393034e+16,0
ARIMA_d10_p10_q3.csv,1493473882169013.5,2217717630882760.2,0
ARIMA_d10_p6_q2.csv,23.78,8.96,0
ARIMA_d10_p6_q3.csv,25.95,10.25,0
ARIMA_d6_p10_q2.csv,13.83,5.16,0
ARIMA_d6_p10_q3.csv,14.5,5.44,0
ARIMA_d6_p6_q2.csv,14.18,5.27,0
ARIMA_d6_p6_q3.csv,14.35,5.34,0
