param,mape,rmse,da
ARIMA_d10_p10_q2.csv,6.81303531026129e+16,4.059479365952275e+17,54.29
ARIMA_d10_p10_q3.csv,25.81,43.11,60.0
ARIMA_d10_p6_q2.csv,51.57,93.29,45.71
ARIMA_d10_p6_q3.csv,60.74,111.45,48.57
ARIMA_d6_p10_q2.csv,9.71,17.83,54.29
ARIMA_d6_p10_q3.csv,219982073305.12,1359995913800.22,51.43
ARIMA_d6_p6_q2.csv,11.66,20.71,51.43
ARIMA_d6_p6_q3.csv,12.28,21.11,51.43
