param,mape,rmse,da
ARIMA_d10_p10_q2.csv,6.174317696542653e+16,4.059479365952275e+17,0
ARIMA_d10_p10_q3.csv,28.42,43.33,0
ARIMA_d10_p6_q2.csv,53.15,93.6,0
ARIMA_d10_p6_q3.csv,63.96,111.51,0
ARIMA_d6_p10_q2.csv,14.09,20.01,0
ARIMA_d6_p10_q3.csv,210900244595.08,1359995913799.46,0
ARIMA_d6_p6_q2.csv,15.75,23.11,0
ARIMA_d6_p6_q3.csv,15.97,23.27,0
