param,mape,rmse,da
ARIMA_d10_p10_q2.csv,3.1359792605341836e+16,1.6661325781571488e+17,0
ARIMA_d10_p10_q3.csv,17.17,32.83,0
ARIMA_d10_p6_q2.csv,27.46,50.14,0
ARIMA_d10_p6_q3.csv,2760658302677925.5,2.565901422086237e+16,0
ARIMA_d6_p10_q2.csv,11.22,24.09,0
ARIMA_d6_p10_q3.csv,402793344.63,3812731984.25,0
ARIMA_d6_p6_q2.csv,12.37,25.25,0
ARIMA_d6_p6_q3.csv,12.69,25.63,0
