param,mape,rmse,da
ARIMA_d10_p10_q2.csv,3.1394811199659244e+16,1.6661325781571488e+17,0
ARIMA_d10_p10_q3.csv,11.99,24.57,0
ARIMA_d10_p6_q2.csv,23.36,45.0,0
ARIMA_d10_p6_q3.csv,2702822230647417.5,2.565901422086237e+16,0
ARIMA_d6_p10_q2.csv,5.48,11.61,0
ARIMA_d6_p10_q3.csv,383612703.72,3812731982.89,0
ARIMA_d6_p6_q2.csv,6.47,13.36,0
ARIMA_d6_p6_q3.csv,6.35,13.82,0
