param,mape,rmse,da
ARIMA_d10_p10_q2.csv,262746189627425.38,262698234071460.1,0
ARIMA_d10_p10_q3.csv,13.22,2.81,0
ARIMA_d10_p6_q2.csv,16.69,3.71,0
ARIMA_d10_p6_q3.csv,5.963626223372477e+17,5.609724876915004e+17,0
ARIMA_d6_p10_q2.csv,3.58,0.85,0
ARIMA_d6_p10_q3.csv,3.42,0.83,0
ARIMA_d6_p6_q2.csv,4.68,0.99,0
ARIMA_d6_p6_q3.csv,5.07,1.02,0
