param,mape,rmse,da
ARIMA_d10_p10_q2.csv,262746189627425.38,262698234071460.1,68.57
ARIMA_d10_p10_q3.csv,13.22,2.81,54.29
ARIMA_d10_p6_q2.csv,16.69,3.71,60.0
ARIMA_d10_p6_q3.csv,5.963626223372477e+17,5.609724876915004e+17,62.86
ARIMA_d6_p10_q2.csv,3.58,0.85,57.14
ARIMA_d6_p10_q3.csv,3.42,0.83,60.0
ARIMA_d6_p6_q2.csv,4.68,0.99,45.71
ARIMA_d6_p6_q3.csv,5.07,1.02,40.0
