param,mape,rmse,da
ARIMA_d10_p10_q2.csv,296027373646907.94,262698234071459.75,0
ARIMA_d10_p10_q3.csv,27.73,4.73,0
ARIMA_d10_p6_q2.csv,30.62,5.14,0
ARIMA_d10_p6_q3.csv,7.350516042761425e+17,5.609724876915004e+17,0
ARIMA_d6_p10_q2.csv,24.46,3.79,0
ARIMA_d6_p10_q3.csv,24.35,3.76,0
ARIMA_d6_p6_q2.csv,24.06,3.75,0
ARIMA_d6_p6_q3.csv,25.01,3.89,0
