param,mape,rmse,da[0:0],da[0:-5],da[0:-10],da[5:0],da[10:0]
ARIMA_d10_p10_q2.csv,6.81303531026129e+16,4.059479365952275e+17,54.29,28.57,25.71,31.43,28.57
ARIMA_d10_p10_q3.csv,25.81,43.11,60.0,28.57,22.86,37.14,37.14
ARIMA_d10_p6_q2.csv,51.57,93.29,45.71,22.86,20.0,28.57,25.71
ARIMA_d10_p6_q3.csv,60.74,111.45,48.57,22.86,20.0,31.43,28.57
ARIMA_d6_p10_q2.csv,9.71,17.83,54.29,17.14,17.14,40.0,37.14
ARIMA_d6_p10_q3.csv,219982073305.12,1359995913800.22,51.43,17.14,17.14,34.29,34.29
ARIMA_d6_p6_q2.csv,11.66,20.71,51.43,28.57,25.71,28.57,25.71
ARIMA_d6_p6_q3.csv,12.28,21.11,51.43,22.86,22.86,28.57,28.57
