param,mape,rmse,da
ARIMA_d10_p10_q2.csv,170988425382202.28,56086868001752.7,51.43
ARIMA_d10_p10_q3.csv,9.22,0.97,45.71
ARIMA_d10_p6_q2.csv,19.49,2.07,57.14
ARIMA_d10_p6_q3.csv,7.686858255060054e+16,3.871201958775527e+16,57.14
ARIMA_d6_p10_q2.csv,4.07,0.44,40.0
ARIMA_d6_p10_q3.csv,988232547.24,517411937.45,42.86
ARIMA_d6_p6_q2.csv,4.24,0.48,45.71
ARIMA_d6_p6_q3.csv,277290856.53,150923682.27,40.0
