param,mape,rmse,da
ARIMA_d10_p10_q2.csv,189456685331518.28,56086868001752.92,0
ARIMA_d10_p10_q3.csv,13.59,1.34,0
ARIMA_d10_p6_q2.csv,23.78,2.36,0
ARIMA_d10_p6_q3.csv,6.998784241162582e+16,3.871201958775527e+16,0
ARIMA_d6_p10_q2.csv,10.65,1.06,0
ARIMA_d6_p10_q3.csv,1066568060.5,517411937.56,0
ARIMA_d6_p6_q2.csv,10.29,1.07,0
ARIMA_d6_p6_q3.csv,333473976.99,150923682.53,0
