param,mape,rmse,da
ARIMA_d10_p10_q2.csv,5.915344138872178e+16,1.0856566595197149e+17,54.29
ARIMA_d10_p10_q3.csv,11.21,6.77,62.86
ARIMA_d10_p6_q2.csv,25.14,14.68,60.0
ARIMA_d10_p6_q3.csv,27.54,16.27,60.0
ARIMA_d6_p10_q2.csv,5.01,3.03,51.43
ARIMA_d6_p10_q3.csv,6.45,4.09,51.43
ARIMA_d6_p6_q2.csv,5.91,3.56,45.71
ARIMA_d6_p6_q3.csv,6.0,3.6,57.14
