param,mape,rmse,da
ARIMA_d10_p10_q2.csv,6.734037543838022e+16,1.0856566595197149e+17,0
ARIMA_d10_p10_q3.csv,21.58,10.3,0
ARIMA_d10_p6_q2.csv,36.52,16.88,0
ARIMA_d10_p6_q3.csv,37.16,18.71,0
ARIMA_d6_p10_q2.csv,20.51,8.95,0
ARIMA_d6_p10_q3.csv,21.17,9.5,0
ARIMA_d6_p6_q2.csv,20.63,9.23,0
ARIMA_d6_p6_q3.csv,20.44,9.05,0
