param,mape,rmse,da
ARIMA_d10_p10_q2.csv,5.915344138872178e+16,1.0856566595197149e+17,0
ARIMA_d10_p10_q3.csv,11.21,6.77,0
ARIMA_d10_p6_q2.csv,25.14,14.68,0
ARIMA_d10_p6_q3.csv,27.54,16.27,0
ARIMA_d6_p10_q2.csv,5.01,3.03,0
ARIMA_d6_p10_q3.csv,6.45,4.09,0
ARIMA_d6_p6_q2.csv,5.91,3.56,0
ARIMA_d6_p6_q3.csv,6.0,3.6,0
