param,mape,rmse,da[0:0],da[0:-5],da[0:-10],da[5:0],da[10:0]
ARIMA_d10_p10_q2.csv,3.5806475927675444e+16,8.097309329668625e+17,68.57,31.43,31.43,37.14,37.14
ARIMA_d10_p10_q3.csv,5.63,26.74,71.43,37.14,34.29,40.0,37.14
ARIMA_d10_p6_q2.csv,14.04,62.31,71.43,37.14,31.43,42.86,40.0
ARIMA_d10_p6_q3.csv,17.92,80.13,68.57,37.14,34.29,37.14,34.29
ARIMA_d6_p10_q2.csv,2.72,12.35,68.57,34.29,34.29,34.29,34.29
ARIMA_d6_p10_q3.csv,2.8,12.42,62.86,31.43,31.43,31.43,31.43
ARIMA_d6_p6_q2.csv,3.28,14.66,65.71,28.57,28.57,37.14,37.14
ARIMA_d6_p6_q3.csv,2.65,11.78,62.86,34.29,34.29,28.57,28.57
