param,mape,rmse,da
ARIMA_d10_p10_q2.csv,4.377494200190706e+16,8.097309329668625e+17,0
ARIMA_d10_p10_q3.csv,14.1,52.47,0
ARIMA_d10_p6_q2.csv,18.9,76.92,0
ARIMA_d10_p6_q3.csv,22.78,91.47,0
ARIMA_d6_p10_q2.csv,13.58,47.3,0
ARIMA_d6_p10_q3.csv,13.58,47.23,0
ARIMA_d6_p6_q2.csv,13.48,47.72,0
ARIMA_d6_p6_q3.csv,13.51,46.85,0
