param,mape,rmse,da
ARIMA_d10_p10_q2.csv,3.5806475927675444e+16,8.097309329668625e+17,0
ARIMA_d10_p10_q3.csv,5.63,26.74,0
ARIMA_d10_p6_q2.csv,14.04,62.31,0
ARIMA_d10_p6_q3.csv,17.92,80.13,0
ARIMA_d6_p10_q2.csv,2.72,12.35,0
ARIMA_d6_p10_q3.csv,2.8,12.42,0
ARIMA_d6_p6_q2.csv,3.28,14.66,0
ARIMA_d6_p6_q3.csv,2.65,11.78,0
